DateTime,Acc-X,Acc-Y,Acc-Z,Gyro-X,Gyro-Y,Gyro-Z,Force-A,Force-B,Force-C,Force-D,Label
-------------------------------------
03-Aug-2022 06:49:05 PM,0.07,0.99,0.0,-0.18,0.57,0.14,0.089,0.565,0.566,0.1535,Sit-to-Stand
03-Aug-2022 06:49:05 PM,0.09,1.01,0.0,-0.02,0.7,0.09,0.1085,0.566,0.566,0.1114,Sit-to-Stand
03-Aug-2022 06:49:05 PM,0.09,1.01,-0.01,-0.05,0.58,0.06,0.1241,0.5582,0.5601,0.0909,Sit-to-Stand
03-Aug-2022 06:49:05 PM,0.09,1.0,-0.0,-0.36,0.73,0.46,0.1525,0.5787,0.5806,0.0821,Sit-to-Stand
03-Aug-2022 06:49:05 PM,0.07,1.01,0.01,-0.39,0.61,0.27,0.1593,0.4897,0.5787,0.0909,Sit-to-Stand
03-Aug-2022 06:49:05 PM,0.08,1.0,0.02,-0.15,0.61,0.24,0.2141,0.3939,0.5679,0.087,Sit-to-Stand
03-Aug-2022 06:49:05 PM,0.11,1.0,0.01,-0.17,0.67,-0.03,0.263,0.39,0.5738,0.087,Sit-to-Stand
03-Aug-2022 06:49:05 PM,0.08,1.0,0.01,0.05,0.71,0.08,0.1701,0.4624,0.5718,0.089,Sit-to-Stand
03-Aug-2022 06:49:05 PM,0.13,1.01,-0.02,-0.15,0.66,-0.19,0.3402,0.5777,0.5777,0.0958,Sit-to-Stand
03-Aug-2022 06:49:05 PM,0.09,1.01,0.03,-0.25,0.89,-0.59,0.1339,0.5709,0.5709,0.2248,Sit-to-Stand
03-Aug-2022 06:49:05 PM,0.05,1.01,-0.09,-0.44,1.03,-0.48,0.086,0.564,0.564,0.565,Sit-to-Stand
03-Aug-2022 06:49:05 PM,0.02,1.0,-0.01,0.35,0.66,0.71,0.1349,0.564,0.564,0.563,Sit-to-Stand
03-Aug-2022 06:49:05 PM,0.04,1.01,-0.03,0.77,0.71,-0.59,0.5005,0.564,0.565,0.1408,Sit-to-Stand
03-Aug-2022 06:49:05 PM,0.07,1.01,-0.03,0.36,0.61,-0.49,0.565,0.566,0.566,0.1378,Sit-to-Stand
03-Aug-2022 06:49:05 PM,0.26,1.02,-0.03,-0.09,1.03,-0.25,0.4321,0.5699,0.4516,0.2063,Sit-to-Stand
03-Aug-2022 06:49:05 PM,0.09,1.01,-0.04,-1.31,0.6,0.66,0.3666,0.5679,0.5679,0.1134,Sit-to-Stand
03-Aug-2022 06:49:05 PM,0.06,1.01,0.01,-0.18,0.6,-0.11,0.087,0.567,0.5689,0.2043,Sit-to-Stand
03-Aug-2022 06:49:05 PM,0.09,1.0,-0.01,0.44,0.56,-0.1,0.087,0.564,0.564,0.1593,Sit-to-Stand
03-Aug-2022 06:49:05 PM,0.08,1.01,-0.02,-0.06,0.5,0.04,0.1124,0.567,0.4262,0.1134,Sit-to-Stand
03-Aug-2022 06:49:05 PM,0.08,1.01,-0.01,-0.21,0.62,0.03,0.129,0.5621,0.4839,0.085,Sit-to-Stand
-------------------------------------
03-Aug-2022 06:49:05 PM,0.18,1.02,-0.04,-0.15,0.53,-0.07,0.2649,0.4135,0.565,0.0899,Sit-to-Stand
03-Aug-2022 06:49:05 PM,0.09,1.01,0.02,-0.02,0.61,0.12,0.2835,0.4272,0.567,0.089,Sit-to-Stand
03-Aug-2022 06:49:05 PM,0.07,1.0,-0.03,-0.1,0.63,0.22,0.3441,0.3089,0.566,0.089,Sit-to-Stand
03-Aug-2022 06:49:05 PM,0.11,1.0,0.0,0.04,0.61,0.29,0.4282,0.2297,0.5503,0.0909,Sit-to-Stand
03-Aug-2022 06:49:05 PM,0.12,1.02,-0.02,-0.23,0.71,-0.02,0.5239,0.2522,0.563,0.087,Sit-to-Stand
03-Aug-2022 06:49:05 PM,0.1,1.01,-0.01,-0.67,0.54,0.12,0.4917,0.26,0.5679,0.087,Sit-to-Stand
03-Aug-2022 06:49:05 PM,0.14,1.0,-0.02,-0.56,1.34,0.02,0.3421,0.0958,0.5582,0.086,Sit-to-Stand
03-Aug-2022 06:49:05 PM,0.06,1.0,0.06,0.06,0.37,-0.5,0.2121,0.3568,0.567,0.0938,Sit-to-Stand
03-Aug-2022 06:49:05 PM,0.14,1.0,0.02,0.44,1.04,-0.65,0.086,0.564,0.566,0.5611,Sit-to-Stand
03-Aug-2022 06:49:05 PM,-0.03,1.06,0.04,0.45,0.33,-0.05,0.2414,0.5621,0.564,0.4233,Sit-to-Stand
03-Aug-2022 06:49:05 PM,0.11,1.0,0.0,0.29,0.76,1.92,0.3939,0.565,0.565,0.2727,Sit-to-Stand
03-Aug-2022 06:49:05 PM,0.15,1.02,0.02,0.11,0.8,-1.62,0.2493,0.567,0.566,0.3431,Sit-to-Stand
03-Aug-2022 06:49:05 PM,0.03,1.0,0.01,-0.15,0.39,0.73,0.1222,0.5679,0.5679,0.4487,Sit-to-Stand
03-Aug-2022 06:49:05 PM,0.1,1.0,-0.04,0.04,0.47,0.37,0.4897,0.563,0.564,0.1466,Sit-to-Stand
03-Aug-2022 06:49:05 PM,0.07,1.01,-0.03,-0.09,0.55,-0.4,0.4409,0.567,0.348,0.0978,Sit-to-Stand
03-Aug-2022 06:49:05 PM,0.06,1.0,-0.0,-0.69,0.65,-0.05,0.0978,0.564,0.349,0.1515,Sit-to-Stand
03-Aug-2022 06:49:05 PM,0.09,1.02,-0.0,-0.18,0.63,0.13,0.0841,0.565,0.5386,0.1476,Sit-to-Stand
03-Aug-2022 06:49:05 PM,0.11,0.99,-0.01,0.06,0.63,0.38,0.0929,0.564,0.5239,0.0518,Sit-to-Stand
03-Aug-2022 06:49:05 PM,0.09,1.01,-0.0,-0.06,0.65,-0.09,0.174,0.565,0.5073,0.088,Sit-to-Stand
03-Aug-2022 06:49:05 PM,0.09,1.01,0.0,-0.16,0.63,-0.3,0.1036,0.564,0.4809,0.0929,Sit-to-Stand
-------------------------------------
03-Aug-2022 06:49:05 PM,0.06,1.01,0.0,-0.21,0.65,-1.95,0.0841,0.3705,0.564,0.1525,Sit-to-Stand
03-Aug-2022 06:49:05 PM,0.05,1.01,0.01,0.01,0.58,0.32,0.085,0.3265,0.5689,0.1466,Sit-to-Stand
03-Aug-2022 06:49:05 PM,0.12,1.0,-0.01,-0.05,0.66,0.34,0.1193,0.2053,0.5601,0.0909,Sit-to-Stand
03-Aug-2022 06:49:05 PM,0.09,1.0,-0.0,-0.16,0.62,-0.08,0.172,0.1808,0.5689,0.0919,Sit-to-Stand
03-Aug-2022 06:49:05 PM,0.09,1.0,0.01,-0.12,0.61,0.05,0.1867,0.3109,0.5601,0.0948,Sit-to-Stand
03-Aug-2022 06:49:05 PM,0.1,0.99,0.01,-0.21,0.66,0.21,0.2356,0.2424,0.566,0.089,Sit-to-Stand
03-Aug-2022 06:49:05 PM,0.11,1.0,-0.01,-0.58,0.92,0.37,0.3138,0.0968,0.566,0.0831,Sit-to-Stand
03-Aug-2022 06:49:05 PM,0.18,0.99,0.02,-0.09,0.41,-0.97,0.3421,0.089,0.566,0.088,Sit-to-Stand
03-Aug-2022 06:49:05 PM,0.09,1.0,0.02,0.44,0.68,-0.85,0.1564,0.564,0.564,0.4497,Sit-to-Stand
03-Aug-2022 06:49:05 PM,0.22,1.0,-0.04,0.74,0.54,-0.65,0.2248,0.5689,0.5689,0.4966,Sit-to-Stand
03-Aug-2022 06:49:05 PM,0.09,1.03,-0.07,-0.42,0.66,-0.49,0.2923,0.565,0.565,0.3822,Sit-to-Stand
03-Aug-2022 06:49:05 PM,0.1,1.01,-0.01,-0.36,0.69,-0.27,0.1193,0.564,0.565,0.566,Sit-to-Stand
03-Aug-2022 06:49:05 PM,0.14,1.03,0.0,-0.76,0.92,-0.79,0.0821,0.565,0.566,0.565,Sit-to-Stand
03-Aug-2022 06:49:05 PM,0.02,1.0,0.03,0.09,0.4,0.6,0.085,0.564,0.565,0.5679,Sit-to-Stand
03-Aug-2022 06:49:05 PM,0.1,1.01,-0.0,0.45,0.6,0.06,0.0841,0.567,0.567,0.4467,Sit-to-Stand
03-Aug-2022 06:49:05 PM,0.05,1.0,0.01,0.05,0.68,0.17,0.0841,0.567,0.5191,0.2845,Sit-to-Stand
03-Aug-2022 06:49:05 PM,0.07,1.01,0.03,-0.27,0.63,0.16,0.085,0.5699,0.5689,0.2717,Sit-to-Stand
03-Aug-2022 06:49:05 PM,0.11,1.01,-0.01,-0.11,0.5,-0.05,0.0694,0.565,0.565,0.263,Sit-to-Stand
03-Aug-2022 06:49:05 PM,0.09,1.0,-0.0,-0.01,0.64,0.21,0.089,0.5689,0.566,0.172,Sit-to-Stand
-------------------------------------
03-Aug-2022 06:49:05 PM,0.09,1.0,0.01,-0.13,0.63,0.24,0.0978,0.5132,0.5689,0.1193,Sit-to-Stand
03-Aug-2022 06:49:05 PM,0.06,1.0,0.03,-0.05,0.71,0.53,0.1887,0.2151,0.5601,0.0909,Sit-to-Stand
03-Aug-2022 06:49:05 PM,0.11,1.0,-0.0,-0.27,0.13,0.41,0.3157,0.0899,0.5728,0.0919,Sit-to-Stand
03-Aug-2022 06:49:05 PM,0.1,1.01,-0.0,-0.21,0.28,0.33,0.3832,0.0909,0.563,0.0899,Sit-to-Stand
03-Aug-2022 06:49:05 PM,0.07,1.01,0.01,-0.26,0.45,0.46,0.477,0.0929,0.5679,0.0909,Sit-to-Stand
03-Aug-2022 06:49:05 PM,0.08,1.03,-0.01,-0.71,1.03,0.58,0.5455,0.0929,0.5621,0.0919,Sit-to-Stand
03-Aug-2022 06:49:05 PM,0.1,1.0,0.02,-0.62,0.3,-0.21,0.3939,0.0909,0.566,0.0899,Sit-to-Stand
03-Aug-2022 06:49:05 PM,0.09,0.99,0.05,0.63,0.11,-1.14,0.4018,0.0929,0.563,0.0831,Sit-to-Stand
03-Aug-2022 06:49:05 PM,0.07,1.02,0.01,0.85,0.55,0.18,0.5611,0.5621,0.5621,0.129,Sit-to-Stand
03-Aug-2022 06:49:05 PM,0.18,0.99,-0.02,0.42,1.03,0.0,0.5621,0.565,0.5611,0.0948,Sit-to-Stand
03-Aug-2022 06:49:05 PM,0.09,1.01,-0.01,0.36,0.21,-0.69,0.5787,0.5728,0.5728,0.0938,Sit-to-Stand
03-Aug-2022 06:49:05 PM,0.07,1.01,-0.05,0.15,0.59,-0.21,0.566,0.564,0.563,0.0899,Sit-to-Stand
03-Aug-2022 06:49:05 PM,0.08,1.01,-0.02,-0.37,0.69,0.02,0.563,0.563,0.5611,0.0997,Sit-to-Stand
03-Aug-2022 06:49:05 PM,0.07,1.0,-0.01,-1.12,0.75,-0.27,0.3245,0.5611,0.5601,0.0919,Sit-to-Stand
03-Aug-2022 06:49:05 PM,0.09,1.0,0.07,-0.75,0.59,0.11,0.085,0.567,0.566,0.1222,Sit-to-Stand
03-Aug-2022 06:49:05 PM,0.1,1.0,0.0,0.15,0.69,0.26,0.0841,0.1906,0.566,0.0997,Sit-to-Stand
03-Aug-2022 06:49:05 PM,0.09,1.01,0.0,0.08,0.6,0.15,0.1603,0.1388,0.5572,0.089,Sit-to-Stand
03-Aug-2022 06:49:05 PM,0.12,1.01,-0.01,-0.08,0.56,-0.18,0.217,0.1124,0.5044,0.0909,Sit-to-Stand
03-Aug-2022 06:49:05 PM,0.09,1.01,0.01,-0.13,0.66,-0.21,0.1124,0.2766,0.4848,0.0899,Sit-to-Stand
03-Aug-2022 06:49:05 PM,0.09,1.01,0.01,-0.33,0.6,-0.28,0.0841,0.3871,0.4936,0.1241,Sit-to-Stand
03-Aug-2022 06:49:05 PM,0.09,1.01,0.0,-0.16,0.64,0.02,0.0831,0.3587,0.5181,0.1183,Sit-to-Stand
-------------------------------------
03-Aug-2022 06:49:05 PM,0.1,0.99,0.02,-0.09,0.57,-0.11,0.0821,0.4008,0.565,0.2874,Sit-to-Stand
03-Aug-2022 06:49:05 PM,0.07,1.0,0.03,-0.12,0.57,0.21,0.085,0.3011,0.564,0.3148,Sit-to-Stand
03-Aug-2022 06:49:05 PM,0.09,1.01,-0.02,0.15,0.66,0.52,0.1085,0.2923,0.567,0.1251,Sit-to-Stand
03-Aug-2022 06:49:05 PM,0.12,1.0,0.0,-0.32,0.66,-0.18,0.1535,0.3148,0.5611,0.0909,Sit-to-Stand
03-Aug-2022 06:49:05 PM,0.09,1.01,0.01,-0.27,0.78,-0.39,0.088,0.5552,0.566,0.1896,Sit-to-Stand
03-Aug-2022 06:49:05 PM,0.09,1.0,0.03,-0.44,1.04,-0.22,0.0841,0.5396,0.563,0.5572,Sit-to-Stand
03-Aug-2022 06:49:05 PM,0.14,1.02,0.01,0.2,0.56,-0.11,0.0821,0.5611,0.564,0.566,Sit-to-Stand
03-Aug-2022 06:49:05 PM,0.1,0.93,0.09,0.34,0.64,-0.36,0.0831,0.5611,0.5601,0.5601,Sit-to-Stand
03-Aug-2022 06:49:05 PM,0.28,0.98,-0.0,0.59,0.38,-0.26,0.1153,0.565,0.565,0.565,Sit-to-Stand
03-Aug-2022 06:49:05 PM,0.17,0.98,-0.05,0.27,0.21,-0.1,0.2336,0.5601,0.5601,0.4477,Sit-to-Stand
03-Aug-2022 06:49:05 PM,0.07,1.01,0.01,-0.33,0.8,-0.32,0.1281,0.565,0.564,0.5611,Sit-to-Stand
03-Aug-2022 06:49:05 PM,0.16,1.05,-0.1,-0.66,1.01,-0.7,0.0841,0.566,0.5376,0.565,Sit-to-Stand
03-Aug-2022 06:49:05 PM,-0.16,0.99,-0.02,-0.42,0.7,0.84,0.085,0.5709,0.5709,0.5767,Sit-to-Stand
03-Aug-2022 06:49:05 PM,0.06,1.0,0.02,-0.03,0.54,0.05,0.086,0.5298,0.5738,0.2845,Sit-to-Stand
03-Aug-2022 06:49:05 PM,0.07,1.01,0.01,-0.17,0.65,0.18,0.0831,0.4311,0.563,0.2561,Sit-to-Stand
03-Aug-2022 06:49:05 PM,0.05,1.0,-0.01,-0.19,0.65,0.44,0.0831,0.3275,0.5611,0.1906,Sit-to-Stand
03-Aug-2022 06:49:05 PM,0.08,1.01,-0.0,-0.2,0.59,0.05,0.0655,0.2717,0.5689,0.1173,Sit-to-Stand
03-Aug-2022 06:49:05 PM,0.07,1.01,0.0,-0.07,0.69,0.24,0.0821,0.2923,0.5787,0.1241,Sit-to-Stand
03-Aug-2022 06:49:05 PM,0.09,1.01,0.01,-0.15,0.55,-0.15,0.085,0.3617,0.5601,0.1085,Sit-to-Stand
-------------------------------------
03-Aug-2022 06:49:05 PM,0.08,1.0,0.0,-0.14,0.66,-0.16,0.0811,0.5464,0.566,0.1603,Sit-to-Stand
03-Aug-2022 06:49:05 PM,0.07,0.99,0.03,-0.09,0.65,0.13,0.089,0.5308,0.5679,0.1691,Sit-to-Stand
03-Aug-2022 06:49:05 PM,0.1,1.01,-0.0,-0.14,0.58,0.27,0.0929,0.4829,0.5611,0.1095,Sit-to-Stand
03-Aug-2022 06:49:05 PM,0.12,1.0,-0.0,-0.11,0.59,-0.03,0.1701,0.4223,0.5611,0.0929,Sit-to-Stand
03-Aug-2022 06:49:05 PM,0.09,1.0,0.02,-0.22,0.66,-0.18,0.1056,0.5122,0.563,0.1427,Sit-to-Stand
03-Aug-2022 06:49:05 PM,0.06,1.01,0.02,-0.37,0.69,-0.14,0.0831,0.4389,0.564,0.2454,Sit-to-Stand
03-Aug-2022 06:49:05 PM,0.08,1.0,0.04,-0.31,0.69,-0.04,0.0929,0.564,0.565,0.4888,Sit-to-Stand
03-Aug-2022 06:49:05 PM,0.13,1.01,0.02,-0.29,1.24,0.23,0.0831,0.4545,0.565,0.4487,Sit-to-Stand
03-Aug-2022 06:49:05 PM,0.11,1.01,-0.01,-0.07,0.36,-0.02,0.1681,0.5562,0.563,0.4858,Sit-to-Stand
03-Aug-2022 06:49:05 PM,0.06,1.01,0.01,0.34,0.54,0.03,0.263,0.5611,0.5611,0.5259,Sit-to-Stand
03-Aug-2022 06:49:05 PM,0.06,1.0,0.06,0.47,0.61,0.63,0.4692,0.565,0.564,0.3754,Sit-to-Stand
03-Aug-2022 06:49:05 PM,0.16,1.0,0.04,0.16,0.62,-0.66,0.522,0.563,0.563,0.2297,Sit-to-Stand
03-Aug-2022 06:49:05 PM,0.04,1.03,-0.07,0.09,0.83,-0.34,0.3109,0.5601,0.5591,0.4536,Sit-to-Stand
03-Aug-2022 06:49:05 PM,0.32,1.01,-0.01,-0.31,0.83,-0.34,0.089,0.5621,0.5621,0.434,Sit-to-Stand
03-Aug-2022 06:49:05 PM,0.05,1.01,-0.01,-0.12,0.59,0.56,0.0811,0.563,0.564,0.3157,Sit-to-Stand
03-Aug-2022 06:49:05 PM,0.07,1.0,0.02,-0.11,0.63,0.78,0.086,0.4448,0.567,0.1515,Sit-to-Stand
03-Aug-2022 06:49:05 PM,0.1,1.0,0.0,-0.37,0.76,0.3,0.1613,0.2424,0.566,0.0919,Sit-to-Stand
03-Aug-2022 06:49:05 PM,0.1,1.0,0.01,-0.24,0.93,-0.36,0.1026,0.1681,0.5699,0.0938,Sit-to-Stand
03-Aug-2022 06:49:05 PM,0.1,1.01,0.01,-0.31,0.67,-0.37,0.089,0.1193,0.5709,0.1369,Sit-to-Stand
03-Aug-2022 06:49:05 PM,0.08,1.02,0.0,-0.03,0.62,-0.21,0.085,0.1916,0.5122,0.26,Sit-to-Stand
-------------------------------------
03-Aug-2022 06:49:05 PM,0.08,1.0,0.0,-0.04,0.55,-0.02,0.3099,0.2268,0.566,0.0899,Sit-to-Stand
03-Aug-2022 06:49:05 PM,0.08,1.01,-0.03,-0.24,0.69,-0.05,0.2698,0.3568,0.567,0.0899,Sit-to-Stand
03-Aug-2022 06:49:05 PM,0.06,1.0,-0.0,-0.31,0.66,0.19,0.2532,0.3421,0.5601,0.0899,Sit-to-Stand
03-Aug-2022 06:49:05 PM,0.14,1.0,0.0,-0.35,2.07,1.92,0.2033,0.306,0.5591,0.1193,Sit-to-Stand
03-Aug-2022 06:49:05 PM,0.12,1.0,0.03,-0.08,0.34,0.31,0.2033,0.2796,0.566,0.1564,Sit-to-Stand
03-Aug-2022 06:49:05 PM,0.08,1.0,0.01,0.32,0.64,-0.37,0.4213,0.5689,0.5709,0.3167,Sit-to-Stand
03-Aug-2022 06:49:05 PM,0.09,1.02,-0.07,0.42,0.65,-0.37,0.3255,0.5601,0.5601,0.477,Sit-to-Stand
03-Aug-2022 06:49:05 PM,0.16,1.0,0.01,0.41,0.04,-0.01,0.4174,0.5621,0.564,0.3177,Sit-to-Stand
03-Aug-2022 06:49:05 PM,0.1,1.02,-0.05,-0.5,0.78,0.24,0.5709,0.5718,0.5748,0.1486,Sit-to-Stand
03-Aug-2022 06:49:05 PM,-0.03,1.0,-0.01,-0.69,0.8,-0.28,0.2561,0.563,0.5582,0.2766,Sit-to-Stand
03-Aug-2022 06:49:05 PM,0.08,1.0,0.05,0.39,0.66,-0.62,0.1691,0.5591,0.5591,0.5591,Sit-to-Stand
03-Aug-2022 06:49:05 PM,0.11,1.07,0.15,0.53,0.66,-0.58,0.2981,0.5679,0.5679,0.4457,Sit-to-Stand
03-Aug-2022 06:49:05 PM,0.17,0.99,0.04,0.02,0.66,-0.5,0.1623,0.5709,0.4545,0.2815,Sit-to-Stand
03-Aug-2022 06:49:05 PM,0.09,1.0,-0.01,-0.95,0.68,0.5,0.0841,0.5543,0.522,0.1975,Sit-to-Stand
03-Aug-2022 06:49:05 PM,0.08,1.01,0.01,-0.24,0.63,0.18,0.0821,0.2268,0.5758,0.1359,Sit-to-Stand
03-Aug-2022 06:49:05 PM,0.1,1.01,0.03,0.19,0.55,0.28,0.0811,0.1662,0.566,0.088,Sit-to-Stand
03-Aug-2022 06:49:05 PM,0.1,1.0,0.0,-0.09,0.56,-0.2,0.1017,0.3226,0.48,0.089,Sit-to-Stand
03-Aug-2022 06:49:05 PM,0.08,1.0,-0.0,-0.29,0.66,-0.29,0.0831,0.4575,0.523,0.0909,Sit-to-Stand
-------------------------------------
03-Aug-2022 06:49:05 PM,0.11,1.0,0.02,0.15,0.47,-0.02,0.088,0.0841,0.565,0.1163,Sit-to-Stand
03-Aug-2022 06:49:05 PM,0.07,1.0,0.02,-0.11,0.53,-0.04,0.086,0.2659,0.563,0.175,Sit-to-Stand
03-Aug-2022 06:49:05 PM,0.1,1.0,0.02,-0.21,0.76,0.4,0.088,0.2747,0.5611,0.1437,Sit-to-Stand
03-Aug-2022 06:49:05 PM,0.15,0.97,0.03,-0.58,2.94,0.82,0.1632,0.0899,0.566,0.088,Sit-to-Stand
03-Aug-2022 06:49:05 PM,0.06,1.01,0.07,0.08,0.79,-0.6,0.2053,0.087,0.5611,0.089,Sit-to-Stand
03-Aug-2022 06:49:05 PM,0.05,1.0,0.02,0.37,0.77,-0.94,0.085,0.5591,0.5582,0.5591,Sit-to-Stand
03-Aug-2022 06:49:05 PM,0.11,1.01,0.01,0.14,0.56,-0.44,0.0831,0.565,0.563,0.563,Sit-to-Stand
03-Aug-2022 06:49:05 PM,0.04,1.02,-0.04,0.37,0.61,0.05,0.1046,0.5601,0.5601,0.5601,Sit-to-Stand
DateTime,Acc-X,Acc-Y,Acc-Z,Gyro-X,Gyro-Y,Gyro-Z,Force-A,Force-B,Force-C,Force-D,Label
-------------------------------------
03-Aug-2022 06:50:09 PM,0.1,1.0,-0.01,0.07,0.6,0.18,0.132,0.563,0.565,0.0948,Sit-to-Stand
03-Aug-2022 06:50:09 PM,0.05,1.01,0.01,-0.11,0.39,0.01,0.2004,0.5758,0.5425,0.0821,Sit-to-Stand
03-Aug-2022 06:50:09 PM,0.06,1.01,-0.02,-0.24,0.47,0.4,0.1935,0.5591,0.5171,0.0919,Sit-to-Stand
03-Aug-2022 06:50:09 PM,0.14,0.99,0.0,-0.35,0.72,0.69,0.3216,0.5601,0.5601,0.089,Sit-to-Stand
03-Aug-2022 06:50:09 PM,0.09,1.01,0.0,-0.05,0.8,0.15,0.4995,0.567,0.5699,0.0948,Sit-to-Stand
03-Aug-2022 06:50:09 PM,0.11,1.0,0.02,0.08,0.47,0.17,0.5601,0.5611,0.563,0.0899,Sit-to-Stand
03-Aug-2022 06:50:09 PM,0.07,1.01,0.02,0.69,0.18,0.33,0.5679,0.5689,0.5689,0.0899,Sit-to-Stand
03-Aug-2022 06:50:09 PM,0.1,1.0,-0.03,0.85,0.82,0.53,0.5679,0.5679,0.5474,0.088,Sit-to-Stand
03-Aug-2022 06:50:09 PM,0.07,1.02,0.01,0.74,0.13,0.98,0.5591,0.5601,0.1232,0.086,Sit-to-Stand
03-Aug-2022 06:50:09 PM,0.23,1.02,-0.06,-0.16,-2.68,-0.02,0.565,0.1496,0.1085,0.087,Sit-to-Stand
03-Aug-2022 06:50:09 PM,0.1,1.01,-0.03,-0.9,1.34,-1.32,0.5611,0.2991,0.0899,0.086,Sit-to-Stand
03-Aug-2022 06:50:09 PM,0.08,1.02,-0.01,-0.79,0.75,-0.05,0.5621,0.5621,0.1935,0.1017,Sit-to-Stand
03-Aug-2022 06:50:09 PM,0.12,1.01,-0.01,-0.17,0.37,0.21,0.564,0.435,0.3695,0.089,Sit-to-Stand
03-Aug-2022 06:50:09 PM,0.11,1.01,-0.03,-0.27,0.64,-0.05,0.5621,0.2219,0.2581,0.087,Sit-to-Stand
-------------------------------------
03-Aug-2022 06:50:09 PM,0.07,1.0,-0.02,-0.18,0.57,0.02,0.0811,0.5699,0.5709,0.2913,Sit-to-Stand
03-Aug-2022 06:50:09 PM,0.05,1.01,-0.03,-0.08,0.5,0.12,0.0958,0.5689,0.565,0.2219,Sit-to-Stand
03-Aug-2022 06:50:09 PM,0.06,1.01,0.02,-0.03,0.63,0.19,0.0841,0.565,0.565,0.2014,Sit-to-Stand
03-Aug-2022 06:50:09 PM,0.09,1.01,-0.0,0.0,0.5,0.58,0.0821,0.5621,0.5621,0.1134,Sit-to-Stand
03-Aug-2022 06:50:09 PM,0.16,0.99,0.01,-0.09,0.66,0.46,0.173,0.5621,0.5611,0.088,Sit-to-Stand
03-Aug-2022 06:50:09 PM,0.14,1.01,0.0,-0.79,1.1,0.07,0.3832,0.4252,0.5621,0.086,Sit-to-Stand
03-Aug-2022 06:50:09 PM,0.09,1.01,-0.0,-0.43,0.6,-0.96,0.1642,0.4399,0.5679,0.1623,Sit-to-Stand
03-Aug-2022 06:50:09 PM,0.08,1.01,0.01,-0.16,0.7,-0.78,0.085,0.565,0.5611,0.5601,Sit-to-Stand
03-Aug-2022 06:50:09 PM,0.06,1.01,-0.03,0.1,0.69,0.78,0.0841,0.5611,0.5621,0.5621,Sit-to-Stand
03-Aug-2022 06:50:09 PM,0.14,1.01,-0.02,0.02,0.76,-0.36,0.088,0.563,0.565,0.563,Sit-to-Stand
03-Aug-2022 06:50:09 PM,0.04,1.0,0.01,0.05,0.51,-0.21,0.0948,0.564,0.5611,0.565,Sit-to-Stand
03-Aug-2022 06:50:09 PM,0.02,0.94,0.1,0.28,0.9,0.71,0.1056,0.565,0.5718,0.5748,Sit-to-Stand
03-Aug-2022 06:50:09 PM,0.49,1.04,-0.02,-0.08,0.55,-0.27,0.2014,0.5689,0.567,0.5679,Sit-to-Stand
03-Aug-2022 06:50:09 PM,0.01,1.01,-0.01,-0.15,0.22,0.69,0.1838,0.5611,0.5601,0.5601,Sit-to-Stand
03-Aug-2022 06:50:09 PM,0.12,1.03,-0.01,0.3,0.34,-1.89,0.2542,0.5591,0.5591,0.1848,Sit-to-Stand
03-Aug-2022 06:50:09 PM,0.1,1.01,0.0,0.24,0.61,0.05,0.347,0.564,0.564,0.0948,Sit-to-Stand
03-Aug-2022 06:50:09 PM,0.09,1.01,-0.01,-0.41,0.69,-0.11,0.2933,0.565,0.4457,0.0938,Sit-to-Stand
03-Aug-2022 06:50:09 PM,0.07,1.0,0.01,-0.35,0.65,-0.02,0.0987,0.563,0.5679,0.1007,Sit-to-Stand
-------------------------------------
03-Aug-2022 06:50:09 PM,0.1,1.02,0.01,-0.05,0.55,-0.07,0.0929,0.5083,0.5161,0.4086,Sit-to-Stand
03-Aug-2022 06:50:09 PM,0.04,1.0,0.02,-0.23,0.66,0.3,0.086,0.4428,0.5073,0.4027,Sit-to-Stand
03-Aug-2022 06:50:09 PM,0.1,1.01,-0.0,-0.22,0.69,0.24,0.0821,0.2727,0.5601,0.2796,Sit-to-Stand
03-Aug-2022 06:50:09 PM,0.1,1.0,0.03,-0.14,0.69,0.26,0.0831,0.0909,0.566,0.2131,Sit-to-Stand
03-Aug-2022 06:50:09 PM,0.17,1.05,0.01,-0.12,4.46,0.9,0.085,0.2121,0.5611,0.1457,Sit-to-Stand
03-Aug-2022 06:50:09 PM,0.14,1.01,-0.01,-0.11,1.05,-0.96,0.0978,0.4536,0.563,0.3617,Sit-to-Stand
03-Aug-2022 06:50:09 PM,0.06,1.01,0.01,-0.09,0.65,-0.76,0.085,0.5611,0.5621,0.5621,Sit-to-Stand
03-Aug-2022 06:50:09 PM,0.01,1.01,0.02,0.21,0.55,-0.09,0.086,0.5611,0.5611,0.5621,Sit-to-Stand
03-Aug-2022 06:50:09 PM,0.13,1.02,-0.01,-0.4,0.6,-0.43,0.086,0.5679,0.5728,0.5718,Sit-to-Stand
DateTime,Acc-X,Acc-Y,Acc-Z,Gyro-X,Gyro-Y,Gyro-Z,Force-A,Force-B,Force-C,Force-D,Label
-------------------------------------
03-Aug-2022 06:54:15 PM,0.09,1.01,-0.02,0.08,0.72,-0.23,0.5503,0.1046,0.4457,0.563,Sit-to-Stand
03-Aug-2022 06:54:15 PM,0.08,1.01,0.0,-0.08,0.69,0.11,0.521,0.2082,0.3773,0.5591,Sit-to-Stand
03-Aug-2022 06:54:15 PM,0.09,1.0,0.03,-0.27,0.67,0.25,0.5621,0.1114,0.4829,0.564,Sit-to-Stand
03-Aug-2022 06:54:15 PM,0.11,1.0,0.02,-0.39,0.96,1.94,0.565,0.087,0.564,0.5582,Sit-to-Stand
03-Aug-2022 06:54:15 PM,0.1,1.01,0.03,-0.1,0.57,-0.6,0.564,0.0909,0.566,0.566,Sit-to-Stand
03-Aug-2022 06:54:15 PM,0.09,1.01,-0.01,-0.06,0.69,-0.11,0.5611,0.39,0.5621,0.5611,Sit-to-Stand
03-Aug-2022 06:54:15 PM,0.06,1.01,0.0,0.14,0.55,-0.06,0.563,0.5621,0.5621,0.5621,Sit-to-Stand
03-Aug-2022 06:54:15 PM,0.22,1.01,0.01,0.01,0.62,0.11,0.5601,0.5611,0.5601,0.5591,Sit-to-Stand
03-Aug-2022 06:54:15 PM,0.14,1.01,-0.02,-0.53,0.73,0.79,0.565,0.2972,0.5621,0.563,Sit-to-Stand
03-Aug-2022 06:54:15 PM,0.06,1.01,0.01,-0.97,0.62,0.53,0.4809,0.088,0.565,0.565,Sit-to-Stand
03-Aug-2022 06:54:15 PM,0.07,1.0,0.02,-0.13,0.43,-0.28,0.085,0.0899,0.567,0.2326,Sit-to-Stand
03-Aug-2022 06:54:15 PM,0.09,1.01,0.03,0.3,0.53,-0.05,0.086,0.0909,0.5327,0.3177,Sit-to-Stand
03-Aug-2022 06:54:15 PM,0.04,1.01,0.01,-1.94,0.61,0.08,0.1789,0.0899,0.2414,0.2933,Sit-to-Stand
03-Aug-2022 06:54:15 PM,0.09,1.02,-0.0,-0.5,0.61,0.35,0.1339,0.089,0.3343,0.1789,Sit-to-Stand
03-Aug-2022 06:54:15 PM,0.1,1.0,0.03,-0.54,0.69,-0.08,0.087,0.0899,0.4643,0.1065,Sit-to-Stand
03-Aug-2022 06:54:15 PM,0.07,1.0,0.0,-0.05,0.63,-0.11,0.0821,0.088,0.4008,0.1945,Sit-to-Stand
-------------------------------------
03-Aug-2022 06:54:15 PM,0.09,1.0,0.01,-0.11,0.65,-0.07,0.1965,0.1398,0.3148,0.563,Sit-to-Stand
03-Aug-2022 06:54:15 PM,0.07,1.0,0.01,-0.06,0.63,-0.05,0.176,0.172,0.2923,0.5718,Sit-to-Stand
03-Aug-2022 06:54:15 PM,0.04,1.0,0.02,-0.02,0.6,0.18,0.2151,0.175,0.26,0.5611,Sit-to-Stand
03-Aug-2022 06:54:15 PM,0.06,1.0,0.03,-0.11,0.56,0.05,0.2346,0.1222,0.3167,0.5728,Sit-to-Stand
03-Aug-2022 06:54:15 PM,0.07,1.01,0.01,-0.11,0.63,-0.09,0.2717,0.1691,0.3539,0.5777,Sit-to-Stand
03-Aug-2022 06:54:15 PM,0.03,1.01,0.0,-0.37,0.7,0.16,0.2845,0.262,0.4545,0.563,Sit-to-Stand
03-Aug-2022 06:54:15 PM,0.1,1.01,0.01,-0.11,0.71,-0.34,0.3509,0.218,0.563,0.5621,Sit-to-Stand
03-Aug-2022 06:54:15 PM,0.07,1.01,-0.0,0.34,0.65,-0.44,0.3431,0.567,0.566,0.566,Sit-to-Stand
03-Aug-2022 06:54:15 PM,0.05,1.0,0.01,0.71,0.47,-0.4,0.3627,0.5621,0.4457,0.5621,Sit-to-Stand
03-Aug-2022 06:54:15 PM,0.06,1.02,0.0,0.94,0.66,-0.54,0.2502,0.567,0.1457,0.5679,Sit-to-Stand
03-Aug-2022 06:54:15 PM,0.08,1.02,0.01,-0.27,1.18,-0.34,0.085,0.5611,0.1124,0.5621,Sit-to-Stand
03-Aug-2022 06:54:15 PM,0.07,1.0,-0.06,-0.75,0.77,-0.71,0.085,0.5621,0.088,0.5621,Sit-to-Stand
03-Aug-2022 06:54:15 PM,0.01,1.0,0.02,-0.6,0.6,0.44,0.0841,0.4604,0.0841,0.5748,Sit-to-Stand
03-Aug-2022 06:54:15 PM,0.09,1.01,0.0,0.41,0.48,0.74,0.1193,0.566,0.2004,0.567,Sit-to-Stand
03-Aug-2022 06:54:15 PM,0.09,1.01,0.0,0.4,0.63,1.95,0.4252,0.5689,0.1681,0.5689,Sit-to-Stand
03-Aug-2022 06:54:15 PM,0.09,1.03,-0.02,-0.22,0.41,-0.24,0.1544,0.5758,0.0899,0.5787,Sit-to-Stand
03-Aug-2022 06:54:15 PM,0.06,1.0,-0.03,-0.37,0.73,0.2,0.1026,0.5738,0.0841,0.5758,Sit-to-Stand
-------------------------------------
03-Aug-2022 06:54:15 PM,0.01,0.99,-0.02,-0.18,0.56,0.08,0.0831,0.2151,0.0821,0.565,Sit-to-Stand
03-Aug-2022 06:54:15 PM,0.05,1.0,0.01,-0.09,0.54,0.15,0.0831,0.2209,0.085,0.564,Sit-to-Stand
03-Aug-2022 06:54:15 PM,0.07,1.01,0.01,-0.14,0.62,-0.03,0.086,0.2669,0.087,0.5767,Sit-to-Stand
03-Aug-2022 06:54:15 PM,0.04,1.0,0.01,-0.29,0.37,0.11,0.0831,0.3891,0.086,0.563,Sit-to-Stand
03-Aug-2022 06:54:15 PM,0.05,1.0,0.03,-0.32,0.73,0.44,0.0821,0.2805,0.2326,0.564,Sit-to-Stand
03-Aug-2022 06:54:15 PM,0.07,1.01,-0.01,0.11,0.53,0.21,0.1818,0.1554,0.5621,0.567,Sit-to-Stand
03-Aug-2022 06:54:15 PM,0.09,1.01,0.0,-0.23,0.85,-0.17,0.3783,0.3304,0.565,0.564,Sit-to-Stand
03-Aug-2022 06:54:15 PM,0.03,1.01,0.01,-0.13,0.59,0.17,0.3069,0.4467,0.564,0.564,Sit-to-Stand
03-Aug-2022 06:54:15 PM,0.08,1.01,0.0,0.18,0.56,-0.12,0.4995,0.5132,0.563,0.564,Sit-to-Stand
03-Aug-2022 06:54:15 PM,0.07,1.0,0.16,0.51,1.11,-0.27,0.3382,0.564,0.4585,0.564,Sit-to-Stand
03-Aug-2022 06:54:15 PM,0.2,1.0,-0.02,-0.06,0.19,0.28,0.1359,0.5689,0.2248,0.5709,Sit-to-Stand
03-Aug-2022 06:54:15 PM,0.08,1.02,-0.03,-0.07,0.58,0.27,0.5347,0.5611,0.4477,0.5591,Sit-to-Stand
03-Aug-2022 06:54:15 PM,0.03,1.0,-0.03,0.06,0.73,-0.29,0.2239,0.563,0.1808,0.5621,Sit-to-Stand
03-Aug-2022 06:54:15 PM,0.06,1.01,-0.01,-0.18,0.6,0.41,0.217,0.5621,0.1515,0.564,Sit-to-Stand
03-Aug-2022 06:54:15 PM,0.06,1.0,-0.02,-0.08,0.58,0.28,0.3587,0.4663,0.1955,0.5582,Sit-to-Stand
03-Aug-2022 06:54:15 PM,0.08,1.0,-0.0,-0.08,0.62,-0.05,0.3627,0.349,0.1799,0.566,Sit-to-Stand
03-Aug-2022 06:54:15 PM,0.07,1.02,-0.02,-0.25,0.68,-0.2,0.2278,0.3715,0.1642,0.563,Sit-to-Stand
-------------------------------------
03-Aug-2022 06:54:15 PM,0.07,1.01,0.01,-0.11,0.56,0.02,0.1672,0.2092,0.2043,0.5679,Sit-to-Stand
03-Aug-2022 06:54:15 PM,0.07,1.01,-0.01,-0.18,0.61,0.18,0.174,0.1896,0.2336,0.5621,Sit-to-Stand
03-Aug-2022 06:54:15 PM,0.07,1.01,-0.01,-0.33,0.6,0.15,0.2326,0.0919,0.347,0.5591,Sit-to-Stand
03-Aug-2022 06:54:15 PM,0.07,1.01,-0.01,-0.73,0.79,0.31,0.1779,0.0899,0.567,0.5699,Sit-to-Stand
03-Aug-2022 06:54:15 PM,0.08,1.01,-0.01,-0.5,0.85,0.79,0.2326,0.089,0.5689,0.5689,Sit-to-Stand
03-Aug-2022 06:54:15 PM,0.1,1.01,0.09,0.15,0.33,-0.25,0.1926,0.0899,0.5621,0.565,Sit-to-Stand
03-Aug-2022 06:54:15 PM,0.07,1.01,0.01,0.25,0.48,-0.21,0.4663,0.0929,0.5758,0.5787,Sit-to-Stand
03-Aug-2022 06:54:15 PM,0.05,1.0,0.03,-0.02,0.4,-0.12,0.4653,0.1241,0.565,0.565,Sit-to-Stand
03-Aug-2022 06:54:15 PM,0.08,1.01,-0.02,0.05,0.53,-0.26,0.4761,0.2082,0.5611,0.5611,Sit-to-Stand
03-Aug-2022 06:54:15 PM,0.12,1.01,0.03,-0.11,0.77,0.02,0.5357,0.2796,0.5621,0.5621,Sit-to-Stand
03-Aug-2022 06:54:15 PM,0.05,1.01,0.02,-0.28,0.44,-0.48,0.5582,0.3656,0.5591,0.5582,Sit-to-Stand
03-Aug-2022 06:54:15 PM,0.06,1.0,0.02,0.67,0.47,0.08,0.478,0.5689,0.5699,0.5679,Sit-to-Stand
03-Aug-2022 06:54:15 PM,0.0,1.02,-0.08,-0.08,0.68,0.4,0.5621,0.5621,0.4682,0.5621,Sit-to-Stand
03-Aug-2022 06:54:15 PM,0.09,1.01,-0.0,-0.48,0.69,0.21,0.5621,0.2815,0.5552,0.5591,Sit-to-Stand
03-Aug-2022 06:54:15 PM,0.07,1.01,-0.01,-0.4,0.55,0.15,0.1994,0.0782,0.566,0.5679,Sit-to-Stand
03-Aug-2022 06:54:15 PM,0.07,1.01,0.02,-0.03,0.56,-0.01,0.1603,0.0997,0.563,0.5523,Sit-to-Stand
03-Aug-2022 06:54:15 PM,0.06,1.0,-0.01,-0.11,0.6,0.06,0.2014,0.088,0.4829,0.5142,Sit-to-Stand
-------------------------------------
03-Aug-2022 06:54:15 PM,0.06,1.01,0.01,-0.05,0.56,0.01,0.4506,0.087,0.565,0.263,Sit-to-Stand
03-Aug-2022 06:54:15 PM,0.09,1.01,0.01,-0.1,0.65,0.29,0.479,0.088,0.5591,0.2102,Sit-to-Stand
03-Aug-2022 06:54:15 PM,0.06,1.0,-0.01,-0.37,0.63,0.41,0.5523,0.088,0.5621,0.2248,Sit-to-Stand
03-Aug-2022 06:54:15 PM,0.12,0.98,0.04,-0.25,2.14,1.04,0.5621,0.086,0.567,0.1799,Sit-to-Stand
03-Aug-2022 06:54:15 PM,0.11,1.0,0.02,0.4,0.2,-0.72,0.5601,0.0841,0.5601,0.2141,Sit-to-Stand
03-Aug-2022 06:54:15 PM,0.1,1.01,-0.0,0.4,0.75,0.05,0.563,0.2082,0.563,0.564,Sit-to-Stand
03-Aug-2022 06:54:15 PM,0.13,1.0,-0.02,0.11,0.83,-0.28,0.567,0.5376,0.564,0.564,Sit-to-Stand
03-Aug-2022 06:54:15 PM,0.07,1.01,0.0,-0.29,0.5,-0.33,0.5621,0.5621,0.563,0.5621,Sit-to-Stand
03-Aug-2022 06:54:15 PM,0.16,1.01,-0.0,-0.03,1.36,-1.5,0.5621,0.564,0.5621,0.565,Sit-to-Stand
DateTime,Acc-X,Acc-Y,Acc-Z,Gyro-X,Gyro-Y,Gyro-Z,Force-A,Force-B,Force-C,Force-D,Label
-------------------------------------
03-Aug-2022 06:57:58 PM,0.1,1.01,0.01,-0.28,0.6,0.03,0.565,0.2952,0.4575,0.305,Sit-to-Stand
03-Aug-2022 06:57:58 PM,0.1,1.0,-0.01,-0.21,0.6,-0.2,0.5728,0.4115,0.4497,0.3157,Sit-to-Stand
03-Aug-2022 06:57:58 PM,0.07,1.01,-0.02,-0.34,0.6,-0.11,0.5611,0.5474,0.2864,0.3343,Sit-to-Stand
03-Aug-2022 06:57:58 PM,0.1,1.01,-0.0,-0.52,0.58,0.11,0.52,0.4985,0.3226,0.3988,Sit-to-Stand
03-Aug-2022 06:57:58 PM,0.08,1.0,0.0,-0.18,0.54,0.23,0.5582,0.4154,0.4653,0.4272,Sit-to-Stand
03-Aug-2022 06:57:58 PM,0.1,1.01,-0.02,-0.17,0.68,0.24,0.5679,0.4643,0.5435,0.2747,Sit-to-Stand
03-Aug-2022 06:57:58 PM,0.09,1.01,-0.01,-0.25,0.58,-0.31,0.5611,0.5611,0.5435,0.3783,Sit-to-Stand
03-Aug-2022 06:57:58 PM,0.08,1.02,-0.04,-0.03,0.6,0.31,0.5601,0.5601,0.4418,0.3607,Sit-to-Stand
03-Aug-2022 06:57:58 PM,0.1,1.01,-0.03,1.86,0.89,0.16,0.5718,0.5689,0.3724,0.2326,Sit-to-Stand
03-Aug-2022 06:57:58 PM,0.33,1.01,-0.03,-0.31,0.5,0.08,0.567,0.565,0.306,0.2542,Sit-to-Stand
03-Aug-2022 06:57:58 PM,0.11,1.01,-0.03,-0.5,0.63,-0.21,0.564,0.5611,0.3734,0.306,Sit-to-Stand
03-Aug-2022 06:57:58 PM,0.05,1.01,-0.01,-0.38,0.79,-0.17,0.5621,0.566,0.4624,0.5445,Sit-to-Stand
03-Aug-2022 06:57:58 PM,0.03,1.01,0.0,-0.09,0.31,-0.21,0.5601,0.5611,0.4506,0.5611,Sit-to-Stand
03-Aug-2022 06:57:58 PM,0.09,1.01,-0.04,-0.76,0.59,0.21,0.563,0.563,0.5024,0.563,Sit-to-Stand
03-Aug-2022 06:57:58 PM,0.1,1.0,0.01,-0.33,0.7,-0.16,0.563,0.565,0.566,0.565,Sit-to-Stand
03-Aug-2022 06:57:58 PM,0.09,1.01,-0.02,-0.07,0.54,0.51,0.5621,0.563,0.3011,0.2737,Sit-to-Stand
03-Aug-2022 06:57:58 PM,0.13,1.01,-0.01,-0.6,0.6,0.4,0.5621,0.3343,0.1877,0.129,Sit-to-Stand
03-Aug-2022 06:57:58 PM,0.1,1.0,-0.01,-0.63,0.66,-0.21,0.5591,0.1681,0.3519,0.1623,Sit-to-Stand
03-Aug-2022 06:57:58 PM,0.09,1.0,-0.01,-0.17,0.53,-0.07,0.567,0.2522,0.3666,0.2287,Sit-to-Stand
03-Aug-2022 06:57:58 PM,0.08,1.0,-0.02,-0.12,0.59,0.12,0.5689,0.4018,0.2727,0.216,Sit-to-Stand
-------------------------------------
03-Aug-2022 06:57:58 PM,0.09,1.01,-0.01,-0.36,0.59,0.01,0.3509,0.521,0.1838,0.4066,Sit-to-Stand
03-Aug-2022 06:57:58 PM,0.07,1.0,-0.01,-0.35,0.57,0.12,0.3617,0.4936,0.2053,0.4154,Sit-to-Stand
03-Aug-2022 06:57:58 PM,0.08,0.99,0.01,-0.35,0.72,0.24,0.4135,0.3675,0.2444,0.347,Sit-to-Stand
03-Aug-2022 06:57:58 PM,0.09,1.01,-0.01,-0.6,0.61,0.05,0.4526,0.2874,0.303,0.3275,Sit-to-Stand
03-Aug-2022 06:57:58 PM,0.08,0.99,0.01,-0.14,0.66,0.09,0.433,0.2522,0.4076,0.4096,Sit-to-Stand
03-Aug-2022 06:57:58 PM,0.08,1.0,-0.0,-0.05,0.53,0.22,0.5611,0.393,0.3959,0.347,Sit-to-Stand
03-Aug-2022 06:57:58 PM,0.1,1.0,-0.01,-0.09,0.75,-0.03,0.564,0.5337,0.4272,0.2991,Sit-to-Stand
03-Aug-2022 06:57:58 PM,0.09,1.0,-0.02,-0.37,0.59,-0.02,0.5621,0.564,0.4194,0.3617,Sit-to-Stand
03-Aug-2022 06:57:58 PM,0.23,0.96,0.17,-0.33,0.93,-0.47,0.566,0.564,0.563,0.477,Sit-to-Stand
03-Aug-2022 06:57:58 PM,0.09,1.01,-0.02,0.12,0.4,0.19,0.563,0.563,0.5396,0.4829,Sit-to-Stand
03-Aug-2022 06:57:58 PM,0.07,1.01,-0.04,-0.29,0.48,-0.55,0.563,0.563,0.4096,0.5191,Sit-to-Stand
03-Aug-2022 06:57:58 PM,0.05,1.0,-0.02,-0.79,0.62,0.45,0.567,0.567,0.5679,0.5699,Sit-to-Stand
03-Aug-2022 06:57:58 PM,0.04,1.01,-0.01,0.05,0.45,1.21,0.563,0.563,0.563,0.563,Sit-to-Stand
03-Aug-2022 06:57:58 PM,0.15,1.0,-0.04,-0.6,0.73,0.35,0.5621,0.5621,0.5621,0.1427,Sit-to-Stand
03-Aug-2022 06:57:58 PM,0.08,1.01,0.01,-0.4,0.56,-0.67,0.5709,0.565,0.5621,0.5171,Sit-to-Stand
03-Aug-2022 06:57:58 PM,0.08,1.01,0.0,0.02,0.55,-0.72,0.5679,0.5699,0.5699,0.5718,Sit-to-Stand
03-Aug-2022 06:57:58 PM,0.06,1.01,-0.05,-0.03,0.53,1.24,0.5709,0.5689,0.3118,0.3069,Sit-to-Stand
03-Aug-2022 06:57:58 PM,0.14,1.01,-0.03,-1.15,0.8,-0.11,0.5601,0.5601,0.306,0.1007,Sit-to-Stand
03-Aug-2022 06:57:58 PM,0.09,1.0,0.0,-0.97,0.76,-0.24,0.5758,0.2737,0.5767,0.2239,Sit-to-Stand
03-Aug-2022 06:57:58 PM,0.08,1.0,-0.01,-0.15,0.5,-0.11,0.5728,0.1808,0.5738,0.3959,Sit-to-Stand
03-Aug-2022 06:57:58 PM,0.09,1.01,-0.01,1.95,0.56,0.02,0.566,0.4809,0.5191,0.346,Sit-to-Stand
-------------------------------------
03-Aug-2022 06:57:58 PM,0.11,1.0,0.01,-0.5,0.69,-0.08,0.565,0.1369,0.5239,0.2571,Sit-to-Stand
03-Aug-2022 06:57:58 PM,0.06,1.01,-0.02,-0.53,0.5,0.17,0.5611,0.1065,0.5679,0.2893,Sit-to-Stand
03-Aug-2022 06:57:58 PM,0.1,1.02,0.01,-0.39,0.6,0.21,0.563,0.0909,0.566,0.1945,Sit-to-Stand
03-Aug-2022 06:57:58 PM,0.14,1.0,0.0,-0.14,0.81,-0.39,0.5611,0.088,0.5621,0.1623,Sit-to-Stand
03-Aug-2022 06:57:58 PM,0.09,1.0,0.0,-0.25,0.79,0.21,0.564,0.2903,0.565,0.3578,Sit-to-Stand
03-Aug-2022 06:57:58 PM,0.08,1.0,-0.02,-0.44,0.74,-0.4,0.566,0.521,0.5699,0.522,Sit-to-Stand
03-Aug-2022 06:57:58 PM,0.08,1.01,0.03,0.21,0.73,-0.43,0.563,0.5621,0.5611,0.5621,Sit-to-Stand
03-Aug-2022 06:57:58 PM,0.08,0.96,0.04,0.44,0.5,0.22,0.5621,0.563,0.565,0.563,Sit-to-Stand
03-Aug-2022 06:57:58 PM,0.12,1.0,-0.04,-0.11,0.79,-0.85,0.5718,0.5699,0.5679,0.567,Sit-to-Stand
03-Aug-2022 06:57:58 PM,0.0,1.01,-0.01,-0.93,0.34,-1.11,0.5611,0.5621,0.565,0.566,Sit-to-Stand
03-Aug-2022 06:57:58 PM,0.12,1.03,-0.07,-1.03,0.6,0.24,0.2219,0.5591,0.5591,0.5591,Sit-to-Stand
03-Aug-2022 06:57:58 PM,0.05,1.01,0.0,0.08,0.26,0.4,0.4858,0.5601,0.5582,0.5582,Sit-to-Stand
03-Aug-2022 06:57:58 PM,0.19,1.03,-0.03,0.04,0.47,1.99,0.563,0.563,0.5621,0.5621,Sit-to-Stand
03-Aug-2022 06:57:58 PM,0.13,1.01,0.02,-0.15,0.76,0.78,0.563,0.3275,0.3646,0.1584,Sit-to-Stand
03-Aug-2022 06:57:58 PM,0.13,0.99,0.0,-0.72,0.4,-0.05,0.567,0.0831,0.2825,0.0948,Sit-to-Stand
03-Aug-2022 06:57:58 PM,0.11,1.01,-0.01,-0.36,0.73,-0.39,0.5455,0.089,0.391,0.0919,Sit-to-Stand
03-Aug-2022 06:57:58 PM,0.09,1.01,-0.01,-0.49,0.62,0.03,0.4086,0.1056,0.4184,0.1007,Sit-to-Stand
03-Aug-2022 06:57:58 PM,0.1,1.0,0.0,-0.26,0.62,-0.16,0.3636,0.0909,0.4399,0.1114,Sit-to-Stand
03-Aug-2022 06:57:58 PM,0.09,1.0,-0.01,-0.18,0.6,-0.15,0.3763,0.1026,0.3744,0.1711,Sit-to-Stand
03-Aug-2022 06:57:58 PM,0.09,1.0,0.01,-0.41,0.56,-0.07,0.3978,0.1564,0.3265,0.2424,Sit-to-Stand
-------------------------------------
03-Aug-2022 06:57:58 PM,0.08,0.99,0.01,-0.23,0.64,-0.29,0.4321,0.176,0.4976,0.4174,Sit-to-Stand
03-Aug-2022 06:57:58 PM,0.07,1.0,-0.01,-0.33,0.66,0.02,0.3675,0.3803,0.4555,0.563,Sit-to-Stand
03-Aug-2022 06:57:58 PM,0.09,1.01,-0.0,-0.35,0.56,-0.1,0.3861,0.435,0.4653,0.5601,Sit-to-Stand
03-Aug-2022 06:57:58 PM,0.07,1.0,0.01,-0.37,0.66,-0.01,0.35,0.4819,0.5093,0.5748,Sit-to-Stand
03-Aug-2022 06:57:58 PM,0.06,1.0,0.02,-0.52,0.67,0.3,0.3412,0.2698,0.5308,0.5611,Sit-to-Stand
03-Aug-2022 06:57:58 PM,0.1,1.01,0.01,-0.35,0.57,-0.02,0.3636,0.1232,0.5513,0.4467,Sit-to-Stand
03-Aug-2022 06:57:58 PM,0.08,1.01,0.01,-0.15,0.62,0.4,0.4946,0.0997,0.5582,0.3148,Sit-to-Stand
03-Aug-2022 06:57:58 PM,0.11,0.99,0.0,-0.08,0.66,0.16,0.5562,0.2581,0.5455,0.262,Sit-to-Stand
03-Aug-2022 06:57:58 PM,0.14,1.01,-0.02,-0.08,0.67,-0.19,0.563,0.4761,0.5279,0.2063,Sit-to-Stand
03-Aug-2022 06:57:58 PM,0.11,1.01,0.01,-0.66,0.81,-0.42,0.5689,0.5689,0.5601,0.435,Sit-to-Stand
03-Aug-2022 06:57:58 PM,0.09,1.01,0.0,-0.45,0.56,-1.94,0.567,0.567,0.566,0.563,Sit-to-Stand
03-Aug-2022 06:57:58 PM,0.12,1.0,-0.02,0.04,0.73,-0.44,0.5718,0.5709,0.5728,0.5728,Sit-to-Stand
03-Aug-2022 06:57:58 PM,0.04,1.01,-0.07,0.03,0.52,0.52,0.5689,0.566,0.564,0.5699,Sit-to-Stand
03-Aug-2022 06:57:58 PM,0.14,0.99,0.01,-0.14,0.73,0.37,0.5601,0.5611,0.5601,0.4643,Sit-to-Stand
03-Aug-2022 06:57:58 PM,0.13,1.01,-0.04,-0.1,0.47,-0.33,0.563,0.564,0.5699,0.2952,Sit-to-Stand
03-Aug-2022 06:57:58 PM,0.07,1.0,-0.02,0.12,0.55,-0.1,0.5611,0.5601,0.3724,0.4213,Sit-to-Stand
03-Aug-2022 06:57:58 PM,0.11,1.0,-0.03,-0.87,0.56,0.39,0.5679,0.567,0.1114,0.1114,Sit-to-Stand
03-Aug-2022 06:57:58 PM,0.09,1.0,-0.03,-1.24,0.64,-0.05,0.565,0.4008,0.2551,0.1613,Sit-to-Stand
03-Aug-2022 06:57:58 PM,0.09,1.0,-0.02,-0.33,0.6,0.21,0.4301,0.0997,0.4585,0.2268,Sit-to-Stand
03-Aug-2022 06:57:58 PM,0.09,1.0,-0.01,0.18,0.72,0.02,0.5591,0.1183,0.3001,0.129,Sit-to-Stand
03-Aug-2022 06:57:58 PM,0.09,1.01,-0.03,-0.3,0.67,-0.18,0.565,0.3451,0.1085,0.1095,Sit-to-Stand
03-Aug-2022 06:57:58 PM,0.08,1.0,-0.01,-0.71,0.65,-0.24,0.4594,0.393,0.1965,0.2053,Sit-to-Stand
-------------------------------------
DateTime,Acc-X,Acc-Y,Acc-Z,Gyro-X,Gyro-Y,Gyro-Z,Force-A,Force-B,Force-C,Force-D,Label
-------------------------------------
03-Aug-2022 06:59:05 PM,0.07,1.01,0.01,-0.33,0.68,0.27,0.5347,0.565,0.1193,0.2903,Sit-to-Stand
03-Aug-2022 06:59:05 PM,0.04,1.0,-0.06,-0.59,0.5,0.42,0.5748,0.5474,0.173,0.2131,Sit-to-Stand
03-Aug-2022 06:59:05 PM,0.1,1.0,-0.02,-0.43,0.56,0.4,0.566,0.4643,0.2659,0.2053,Sit-to-Stand
03-Aug-2022 06:59:05 PM,0.1,1.0,0.01,-0.44,0.54,0.96,0.566,0.2962,0.4536,0.174,Sit-to-Stand
03-Aug-2022 06:59:05 PM,0.09,1.0,-0.01,0.05,0.54,-0.32,0.567,0.566,0.5679,0.172,Sit-to-Stand
03-Aug-2022 06:59:05 PM,0.11,1.01,-0.02,-0.66,0.68,-0.18,0.5718,0.5748,0.5249,0.2502,Sit-to-Stand
03-Aug-2022 06:59:05 PM,0.09,1.02,-0.0,-0.63,0.66,-0.24,0.567,0.567,0.566,0.567,Sit-to-Stand
03-Aug-2022 06:59:05 PM,0.1,1.01,-0.02,-0.15,0.7,-1.17,0.5709,0.5718,0.5718,0.5718,Sit-to-Stand
03-Aug-2022 06:59:05 PM,0.05,0.96,0.06,0.18,0.55,-0.83,0.5621,0.5621,0.565,0.567,Sit-to-Stand
03-Aug-2022 06:59:05 PM,0.07,1.0,0.05,-0.53,0.71,-0.31,0.5093,0.567,0.567,0.5679,Sit-to-Stand
03-Aug-2022 06:59:05 PM,0.0,1.01,-0.01,0.28,0.54,0.83,0.565,0.5572,0.5621,0.565,Sit-to-Stand
03-Aug-2022 06:59:05 PM,0.09,1.02,0.0,0.76,0.77,1.9,0.5689,0.5679,0.4614,0.5699,Sit-to-Stand
03-Aug-2022 06:59:05 PM,0.04,1.01,-0.01,-1.15,0.5,0.23,0.3646,0.5601,0.0987,0.1017,Sit-to-Stand
03-Aug-2022 06:59:05 PM,0.09,1.02,0.0,-1.67,0.76,1.31,0.5787,0.4428,0.089,0.1095,Sit-to-Stand
03-Aug-2022 06:59:05 PM,0.11,1.0,0.01,-0.63,0.74,0.1,0.5679,0.0978,0.3177,0.1261,Sit-to-Stand
03-Aug-2022 06:59:05 PM,0.09,1.0,-0.01,-0.18,0.64,-0.29,0.4907,0.0948,0.3646,0.1603,Sit-to-Stand
03-Aug-2022 06:59:05 PM,0.12,1.01,-0.0,-0.24,0.53,-0.17,0.5181,0.2385,0.3206,0.26,Sit-to-Stand
03-Aug-2022 06:59:05 PM,0.11,1.01,-0.01,-0.41,0.5,-0.12,0.436,0.2551,0.2913,0.2923,Sit-to-Stand
-------------------------------------
03-Aug-2022 06:59:05 PM,0.08,1.01,-0.01,-0.22,0.69,0.05,0.346,0.3216,0.3304,0.4927,Sit-to-Stand
03-Aug-2022 06:59:05 PM,0.07,1.0,-0.02,-0.24,0.5,0.08,0.392,0.4624,0.2669,0.4536,Sit-to-Stand
03-Aug-2022 06:59:05 PM,0.1,1.01,-0.01,-0.27,0.6,0.43,0.563,0.3783,0.2884,0.3607,Sit-to-Stand
03-Aug-2022 06:59:05 PM,0.11,1.01,-0.03,-0.3,0.26,-0.22,0.5611,0.4115,0.3675,0.2893,Sit-to-Stand
03-Aug-2022 06:59:05 PM,0.04,1.0,-0.02,-0.66,0.62,-0.08,0.5621,0.5621,0.4242,0.5591,Sit-to-Stand
03-Aug-2022 06:59:05 PM,0.08,1.01,-0.02,-0.52,0.69,0.31,0.5601,0.5601,0.5621,0.5709,Sit-to-Stand
03-Aug-2022 06:59:05 PM,0.18,1.0,0.02,0.47,0.66,0.19,0.5611,0.5611,0.5611,0.5621,Sit-to-Stand
03-Aug-2022 06:59:05 PM,0.11,1.01,-0.04,0.21,0.66,0.0,0.5611,0.566,0.4594,0.2952,Sit-to-Stand
03-Aug-2022 06:59:05 PM,0.11,1.01,-0.03,-0.44,0.64,-0.33,0.566,0.567,0.3587,0.3803,Sit-to-Stand
03-Aug-2022 06:59:05 PM,0.23,1.0,-0.01,-0.09,0.58,-0.11,0.5611,0.5611,0.5601,0.5161,Sit-to-Stand
03-Aug-2022 06:59:05 PM,0.11,1.01,-0.11,-0.11,0.4,0.55,0.563,0.564,0.4731,0.5269,Sit-to-Stand
03-Aug-2022 06:59:05 PM,0.06,1.01,-0.05,0.22,0.53,-0.73,0.5787,0.5787,0.5161,0.4829,Sit-to-Stand
03-Aug-2022 06:59:05 PM,0.02,1.03,-0.05,-0.24,1.0,-1.04,0.5601,0.5601,0.0978,0.2571,Sit-to-Stand
03-Aug-2022 06:59:05 PM,0.03,1.02,-0.05,-1.81,0.54,0.78,0.5474,0.5689,0.087,0.2581,Sit-to-Stand
03-Aug-2022 06:59:05 PM,0.06,1.01,0.01,-0.44,0.34,0.95,0.564,0.2972,0.433,0.305,Sit-to-Stand
03-Aug-2022 06:59:05 PM,0.15,0.99,-0.02,0.08,1.12,0.27,0.566,0.1036,0.2141,0.0987,Sit-to-Stand
03-Aug-2022 06:59:05 PM,0.1,1.03,-0.01,-0.6,0.75,-0.74,0.5709,0.1163,0.1271,0.0968,Sit-to-Stand
03-Aug-2022 06:59:05 PM,0.1,1.0,-0.01,-0.68,0.72,-0.41,0.563,0.3568,0.2903,0.2092,Sit-to-Stand
03-Aug-2022 06:59:05 PM,0.08,1.01,0.0,-0.31,0.6,-0.08,0.4174,0.2747,0.3509,0.3578,Sit-to-Stand
03-Aug-2022 06:59:05 PM,0.09,1.01,-0.01,-0.27,0.63,0.27,0.5455,0.2375,0.2991,0.2317,Sit-to-Stand
-------------------------------------
03-Aug-2022 06:59:05 PM,0.09,1.01,-0.02,-0.31,0.6,0.09,0.3372,0.3851,0.2561,0.4418,Sit-to-Stand
03-Aug-2022 06:59:05 PM,0.07,1.0,-0.0,-0.3,0.63,0.21,0.3744,0.3832,0.2258,0.4213,Sit-to-Stand
03-Aug-2022 06:59:05 PM,0.09,1.0,-0.01,-0.41,0.6,0.15,0.5533,0.3206,0.2835,0.2835,Sit-to-Stand
03-Aug-2022 06:59:05 PM,0.09,1.0,-0.01,-0.37,0.6,-0.12,0.5425,0.303,0.2669,0.2864,Sit-to-Stand
03-Aug-2022 06:59:05 PM,0.11,1.01,0.03,-0.72,0.56,-0.17,0.4321,0.3529,0.3627,0.4575,Sit-to-Stand
03-Aug-2022 06:59:05 PM,0.1,1.0,0.01,-0.45,0.73,-0.01,0.4995,0.2864,0.5533,0.5415,Sit-to-Stand
03-Aug-2022 06:59:05 PM,0.06,1.0,-0.03,-0.24,1.05,0.53,0.5748,0.4565,0.5748,0.5552,Sit-to-Stand
03-Aug-2022 06:59:05 PM,0.12,0.99,0.01,-1.95,0.65,0.1,0.5582,0.5582,0.5582,0.3998,Sit-to-Stand
03-Aug-2022 06:59:05 PM,0.08,1.0,-0.0,0.27,0.43,0.46,0.5679,0.5699,0.5259,0.304,Sit-to-Stand
03-Aug-2022 06:59:05 PM,0.13,1.0,-0.07,-0.18,0.66,-0.29,0.566,0.567,0.1486,0.0958,Sit-to-Stand
03-Aug-2022 06:59:05 PM,0.09,1.0,-0.01,-0.44,0.63,-0.36,0.564,0.564,0.346,0.2542,Sit-to-Stand
03-Aug-2022 06:59:05 PM,0.03,1.0,0.01,0.18,0.21,0.5,0.5679,0.5679,0.567,0.567,Sit-to-Stand
03-Aug-2022 06:59:05 PM,0.09,1.0,-0.03,0.23,0.08,0.61,0.5709,0.5718,0.4272,0.1965,Sit-to-Stand
03-Aug-2022 06:59:05 PM,0.11,0.98,-0.03,-0.31,1.77,-0.7,0.564,0.564,0.1515,0.1056,Sit-to-Stand
03-Aug-2022 06:59:05 PM,0.1,1.03,0.03,0.89,0.37,-0.48,0.564,0.565,0.1378,0.1603,Sit-to-Stand
03-Aug-2022 06:59:05 PM,0.07,0.98,-0.2,0.65,0.86,0.66,0.565,0.564,0.0704,0.089,Sit-to-Stand
03-Aug-2022 06:59:05 PM,0.09,1.01,-0.09,-1.56,0.63,1.06,0.565,0.3939,0.085,0.0978,Sit-to-Stand
03-Aug-2022 06:59:05 PM,0.15,1.01,-0.03,-1.37,2.01,-0.19,0.5689,0.087,0.086,0.0987,Sit-to-Stand
03-Aug-2022 06:59:05 PM,0.12,1.02,-0.03,-0.99,3.87,-0.81,0.565,0.0968,0.1065,0.0987,Sit-to-Stand
03-Aug-2022 06:59:05 PM,0.1,1.01,-0.0,-0.87,0.72,-0.4,0.565,0.39,0.087,0.0978,Sit-to-Stand
03-Aug-2022 06:59:05 PM,0.08,0.99,-0.01,-0.47,0.56,-0.12,0.5699,0.5308,0.2923,0.219,Sit-to-Stand
03-Aug-2022 06:59:05 PM,0.11,1.01,-0.03,-0.18,0.65,-0.08,0.565,0.564,0.2669,0.2561,Sit-to-Stand
-------------------------------------
03-Aug-2022 06:59:05 PM,0.08,1.01,-0.01,-0.27,0.59,0.12,0.436,0.1466,0.4057,0.3891,Sit-to-Stand
03-Aug-2022 06:59:05 PM,0.1,1.0,-0.01,-0.25,0.61,0.3,0.521,0.1544,0.3969,0.3079,Sit-to-Stand
03-Aug-2022 06:59:05 PM,0.1,1.01,0.01,-0.32,0.64,-0.03,0.5591,0.1281,0.4291,0.2434,Sit-to-Stand
03-Aug-2022 06:59:05 PM,0.07,1.0,-0.03,-0.68,0.43,0.57,0.5582,0.0909,0.5689,0.2669,Sit-to-Stand
03-Aug-2022 06:59:05 PM,0.12,1.0,0.02,-0.2,0.85,0.16,0.5679,0.0919,0.5679,0.2102,Sit-to-Stand
03-Aug-2022 06:59:05 PM,0.09,1.01,-0.02,-0.22,0.73,-0.33,0.5611,0.2825,0.567,0.48,Sit-to-Stand
03-Aug-2022 06:59:05 PM,0.1,1.01,-0.01,-0.82,0.85,-0.75,0.5777,0.5083,0.5767,0.5748,Sit-to-Stand
03-Aug-2022 06:59:05 PM,0.15,0.98,0.04,-0.6,0.75,0.02,0.4888,0.3421,0.567,0.567,Sit-to-Stand
03-Aug-2022 06:59:05 PM,0.09,1.01,0.04,-0.23,0.73,0.19,0.566,0.1564,0.566,0.566,Sit-to-Stand
03-Aug-2022 06:59:05 PM,0.06,1.01,-0.0,-0.59,0.56,-0.28,0.5679,0.4008,0.567,0.5699,Sit-to-Stand
03-Aug-2022 06:59:05 PM,0.02,1.01,-0.02,-1.42,0.37,0.85,0.303,0.0948,0.5777,0.5748,Sit-to-Stand
03-Aug-2022 06:59:05 PM,0.1,0.98,0.08,0.7,0.82,-0.63,0.4164,0.0909,0.5758,0.5767,Sit-to-Stand
03-Aug-2022 06:59:05 PM,0.09,1.0,0.02,0.24,61.15,-0.1,0.5699,0.5748,0.567,0.563,Sit-to-Stand
03-Aug-2022 06:59:05 PM,0.15,1.02,-0.02,-0.37,0.73,-0.12,0.5787,0.5777,0.5738,0.5758,Sit-to-Stand
03-Aug-2022 06:59:05 PM,0.03,1.03,-0.11,-0.67,0.57,-0.69,0.5611,0.5611,0.5611,0.5621,Sit-to-Stand
03-Aug-2022 06:59:05 PM,-0.06,0.99,0.04,-0.15,0.57,0.18,0.3617,0.4927,0.5894,0.5826,Sit-to-Stand
03-Aug-2022 06:59:05 PM,0.02,1.0,0.05,0.7,0.32,1.31,0.565,0.5601,0.0,0.565,Sit-to-Stand
03-Aug-2022 06:59:05 PM,0.12,1.01,-0.06,0.11,0.52,0.31,0.5679,0.567,0.3294,0.2317,Sit-to-Stand
03-Aug-2022 06:59:05 PM,0.11,1.0,-0.01,-0.85,0.73,-0.32,0.5836,0.5767,0.3089,0.2072,Sit-to-Stand
03-Aug-2022 06:59:05 PM,0.12,1.0,0.03,-0.24,0.63,-0.35,0.5699,0.567,0.5572,0.566,Sit-to-Stand
03-Aug-2022 06:59:05 PM,0.07,0.99,-0.32,-0.44,0.18,0.55,0.5611,0.5611,0.3998,0.567,Sit-to-Stand
-------------------------------------
03-Aug-2022 06:59:05 PM,0.06,1.01,-0.0,-0.32,0.52,0.09,0.3226,0.089,0.4624,0.2698,Sit-to-Stand
03-Aug-2022 06:59:05 PM,0.1,1.0,0.0,-0.31,0.62,0.21,0.3597,0.088,0.522,0.2102,Sit-to-Stand
03-Aug-2022 06:59:05 PM,0.11,1.01,0.02,-0.32,0.56,0.31,0.4262,0.0802,0.5005,0.0948,Sit-to-Stand
03-Aug-2022 06:59:05 PM,0.11,1.0,0.01,-0.27,0.63,0.06,0.521,0.0899,0.4917,0.0489,Sit-to-Stand
03-Aug-2022 06:59:05 PM,0.09,1.01,0.01,-0.54,1.13,0.24,0.5699,0.087,0.5728,0.0978,Sit-to-Stand
03-Aug-2022 06:59:05 PM,0.12,1.0,0.0,-0.42,1.05,-0.14,0.5591,0.086,0.5591,0.0919,Sit-to-Stand
03-Aug-2022 06:59:05 PM,0.07,1.01,0.0,-0.14,0.75,-0.63,0.5679,0.088,0.567,0.4506,Sit-to-Stand
03-Aug-2022 06:59:05 PM,0.09,1.0,-0.0,-0.11,0.57,-0.13,0.5679,0.2854,0.5699,0.5689,Sit-to-Stand
03-Aug-2022 06:59:05 PM,0.09,1.01,-0.01,0.06,0.52,0.28,0.5621,0.5611,0.5611,0.563,Sit-to-Stand
03-Aug-2022 06:59:05 PM,0.11,1.01,-0.05,-0.31,0.59,-0.39,0.5699,0.5699,0.5718,0.5689,Sit-to-Stand
DateTime,Acc-X,Acc-Y,Acc-Z,Gyro-X,Gyro-Y,Gyro-Z,Force-A,Force-B,Force-C,Force-D,Label
-------------------------------------
03-Aug-2022 07:00:01 PM,0.09,1.0,0.0,-0.31,0.6,-0.18,0.3148,0.1984,0.3959,0.4966,Sit-to-Stand
03-Aug-2022 07:00:01 PM,0.07,1.01,-0.0,-0.29,0.68,-0.04,0.2884,0.3011,0.3627,0.5679,Sit-to-Stand
03-Aug-2022 07:00:01 PM,0.11,1.01,-0.02,-0.37,0.65,0.21,0.304,0.3011,0.3724,0.565,Sit-to-Stand
03-Aug-2022 07:00:01 PM,0.09,1.01,-0.01,-0.56,0.65,-0.16,0.4252,0.2131,0.5689,0.5699,Sit-to-Stand
03-Aug-2022 07:00:01 PM,0.05,1.01,-0.03,-0.15,0.6,0.24,0.564,0.3969,0.566,0.566,Sit-to-Stand
03-Aug-2022 07:00:01 PM,0.08,1.01,-0.02,-0.6,0.66,-0.36,0.564,0.564,0.565,0.564,Sit-to-Stand
03-Aug-2022 07:00:01 PM,-0.07,0.98,0.02,-0.54,0.63,-0.54,0.4428,0.567,0.5679,0.567,Sit-to-Stand
03-Aug-2022 07:00:01 PM,0.07,1.0,0.02,-0.5,0.42,-0.45,0.3597,0.565,0.564,0.563,Sit-to-Stand
03-Aug-2022 07:00:01 PM,0.0,1.01,0.02,-0.03,0.7,-1.55,0.3715,0.563,0.564,0.564,Sit-to-Stand
DateTime,Acc-X,Acc-Y,Acc-Z,Gyro-X,Gyro-Y,Gyro-Z,Force-A,Force-B,Force-C,Force-D,Label
-------------------------------------